{"cameraMode":{"drawMode":0,"name":"Shaded","section":"Shading Mode"},"sceneLighting":false,"audioPlay":false,"sceneViewState":{"showFog":true,"showMaterialUpdate":false,"showSkybox":false,"showFlares":true,"showImageEffects":true,"showParticleSystems":true},"in2DMode":false,"pivot":{"x":20.10000228881836,"y":2.384185791015625e-7,"z":-107.0},"rotation":{"x":0.013358909636735917,"y":0.9837643504142761,"z":-0.08283162862062454,"w":0.15865685045719148},"size":13134.4365234375,"orthographic":true}